f.name,f.closeness_centrality
Medici,0.56
Ridolfi,0.5
Albizzi,0.4827586206896552
Tornabuon,0.4827586206896552
Guadagni,0.4666666666666667
Barbadori,0.4375
Strozzi,0.4375
Bischeri,0.4
Salviati,0.3888888888888889
Castellan,0.3888888888888889
Peruzzi,0.3684210526315789
Acciajuol,0.3684210526315789
Ginori,0.3333333333333333
Lambertes,0.32558139534883723
Pazzi,0.2857142857142857
Pucci,0.0