f.name,f.eigenvector_centrality
Medici,0.4301415295031994
Strozzi,0.3558244310224377
Ridolfi,0.3416433386202155
Tornabuon,0.32605457157174983
Guadagni,0.2889514823099535
Bischeri,0.2828059364991496
Peruzzi,0.275604843151996
Castellan,0.25891532872531303
Albizzi,0.244219988092714
Barbadori,0.21182189365433046
Salviati,0.14608903261465814
Acciajuol,0.13230072748577387
Lambertes,0.08887088398208688
Ginori,0.07487599272843551
Pazzi,0.044791707782338444
Pucci,1.1496844072931621e-94