f.name,f.harmonic_centrality
Medici,0.6333333333333333
Guadagni,0.5388888888888889
Ridolfi,0.5333333333333333
Albizzi,0.5222222222222223
Tornabuon,0.5222222222222223
Strozzi,0.5222222222222223
Bischeri,0.48000000000000004
Barbadori,0.4722222222222222
Castellan,0.4611111111111111
Peruzzi,0.4522222222222222
Salviati,0.4388888888888889
Acciajuol,0.39444444444444443
Lambertes,0.35777777777777775
Ginori,0.3555555555555555
Pazzi,0.3177777777777777
Pucci,0.0