f.name,f.pagerank_centrality
Medici,2.1000711258721774
Guadagni,1.4179036405883663
Strozzi,1.2634218852251258
Albizzi,1.1431308396753574
Tornabuon,1.025540193604691
Ridolfi,1.0000026774688247
Castellan,0.9964169820488685
Bischeri,0.9893565389741938
Peruzzi,0.9746000987149815
Salviati,0.8903515262264275
Barbadori,0.7254291287843958
Pazzi,0.5262545817628642
Ginori,0.4717467838023632
Lambertes,0.44909100758673054
Acciajuol,0.4452900233969174
Pucci,0.15000000000000002